model,n_samples,accuracy,precision,recall,f1_score,auc,true_neg,false_pos,false_neg,true_pos,specificity
APNet_6aa,2030,0.7980295566502463,0.9041533546325878,0.6179039301310044,0.7341115434500648,0.9112942267136013,1054,60,350,566,0.9461400359066428
APNet_20aa,2030,0.5556650246305419,0.6458333333333334,0.03384279475982533,0.06431535269709543,0.6311974238159824,1097,17,885,31,0.9847396768402155
